id,label
44011,truck
40500,deer
19479,horse
3682,ship
7367,ship
41046,frog
36090,frog
26473,cat
4022,automobile
18807,ship
34147,cat
18504,bird
41486,ship
14187,deer
44605,horse
39584,truck
25989,truck
11127,truck
9748,ship
24266,deer
12508,airplane
7823,deer
3644,truck
42181,bird
2921,truck
14408,airplane
48111,dog
25835,deer
29488,airplane
48464,frog
1008,deer
6192,automobile
4623,truck
19924,truck
31524,automobile
26668,airplane
12736,frog
1514,dog
9062,deer
17054,cat
12923,airplane
10052,deer
22233,dog
40562,dog
43412,cat
38621,cat
17156,cat
36926,airplane
22579,ship
42327,truck
17579,cat
23926,horse
29445,airplane
20787,ship
13101,dog
1075,cat
21713,cat
10209,truck
8777,bird
36356,bird
15204,deer
45027,cat
35245,ship
46937,airplane
3120,bird
46045,ship
1784,horse
6926,frog
4752,frog
26515,ship
28535,truck
29889,airplane
346,deer
6448,frog
10259,dog
26968,ship
44689,bird
30302,dog
31843,frog
13497,frog
33265,ship
35975,truck
37256,bird
39483,cat
33621,truck
21695,deer
3068,ship
1997,ship
48519,bird
37158,truck
39418,frog
25721,dog
8745,horse
34167,bird
45363,cat
19114,cat
16369,automobile
22189,dog
47276,horse
2044,frog
24932,airplane
12704,bird
25314,deer
8610,cat
48279,truck
21585,truck
13374,horse
41399,automobile
23807,automobile
42081,deer
15219,frog
14813,bird
17167,airplane
3079,automobile
27547,bird
44226,automobile
45846,airplane
8014,cat
17962,truck
27360,dog
10614,ship
28505,frog
25884,truck
27227,horse
9219,truck
2773,bird
29808,automobile
48186,automobile
34626,truck
32351,cat
33937,horse
22119,airplane
17912,horse
4934,horse
17257,horse
42706,ship
19949,ship
42904,deer
9683,ship
20785,cat
42842,truck
22701,cat
23407,frog
48273,horse
41828,cat
43559,truck
20981,airplane
12730,truck
32603,airplane
36479,frog
24782,frog
23649,automobile
736,airplane
15406,ship
42889,frog
38953,ship
37042,airplane
29322,dog
4661,deer
26106,ship
45828,airplane
43317,horse
3258,automobile
24393,bird
41782,horse
34714,truck
32229,frog
39346,horse
18207,automobile
38587,airplane
42157,frog
12188,truck
34279,automobile
42642,frog
48892,airplane
10698,deer
18317,automobile
32133,ship
12237,ship
18688,dog
37808,horse
5092,ship
18334,automobile
35432,deer
24640,airplane
24305,truck
11749,frog
4911,deer
46280,automobile
44215,dog
45517,airplane
41496,truck
42107,truck
40108,horse
27980,truck
23346,automobile
16597,airplane
8300,horse
45746,horse
43406,truck
30196,horse
31978,dog
8305,bird
1165,cat
1431,bird
47488,deer
4639,truck
49059,horse
46464,automobile
38134,ship
24825,horse
32813,frog
15005,deer
22182,truck
21224,bird
49168,truck
12260,truck
43582,frog
23931,bird
2500,horse
35069,automobile
39313,bird
3565,airplane
26118,truck
38026,horse
16084,automobile
40966,bird
42830,airplane
47940,automobile
17586,deer
37712,ship
33479,airplane
924,frog
24121,dog
48481,bird
18813,ship
49412,automobile
4456,bird
30842,deer
43916,horse
18455,frog
23310,deer
20793,horse
38125,deer
24969,automobile
24345,dog
6566,ship
39373,airplane
38009,ship
27595,bird
8999,ship
2664,ship
42090,dog
25046,horse
2165,cat
42455,truck
46979,truck
42281,ship
19389,cat
43859,ship
38549,frog
36317,bird
3190,deer
18535,horse
4920,airplane
44559,deer
49050,bird
14844,bird
4741,dog
27626,automobile
2805,airplane
8026,bird
41152,airplane
26561,dog
27813,deer
18215,airplane
41309,bird
35974,airplane
12364,airplane
8660,horse
25131,bird
44840,horse
5697,airplane
41277,truck
48211,truck
15905,frog
48557,airplane
29859,dog
47685,cat
4415,cat
33799,deer
37540,truck
29667,airplane
17697,ship
37472,dog
11765,cat
22445,horse
48257,horse
7779,automobile
267,cat
38123,frog
37752,truck
8197,dog
30775,cat
4998,dog
22876,airplane
42532,automobile
36578,truck
37658,cat
37469,automobile
48456,truck
20620,automobile
34574,truck
26766,bird
48899,automobile
41582,cat
9594,deer
42946,airplane
16469,horse
35243,deer
7746,bird
6178,bird
19384,horse
33845,horse
45437,dog
13083,cat
5794,truck
8023,ship
7152,bird
41310,frog
11403,deer
43353,cat
25805,horse
36036,dog
31522,airplane
47206,deer
2421,airplane
27442,cat
16821,ship
5138,automobile
29114,cat
8423,cat
34800,airplane
1631,deer
18620,cat
27199,truck
44992,automobile
28012,frog
1009,bird
30262,ship
42596,horse
33162,dog
23104,truck
28804,deer
7684,automobile
22215,ship
14181,bird
30229,deer
45008,dog
2521,deer
4749,bird
40809,automobile
20773,deer
39650,dog
17525,horse
49588,automobile
35843,dog
9984,airplane
41461,airplane
28214,deer
35549,airplane
36046,truck
38069,cat
3604,frog
8439,bird
17726,deer
13690,dog
14038,ship
2368,dog
41380,frog
22596,horse
3645,airplane
40176,ship
35524,horse
18595,automobile
11568,deer
6768,cat
6242,automobile
14838,horse
5868,bird
15213,bird
16553,airplane
39955,frog
26975,cat
30691,bird
8002,automobile
35839,frog
10795,frog
7153,horse
3885,airplane
11949,ship
22055,automobile
24415,ship
40553,ship
19153,ship
21059,ship
48401,frog
36485,ship
44127,airplane
26910,dog
31032,dog
37391,automobile
32735,airplane
15205,truck
32137,bird
43015,ship
8944,cat
21979,deer
12710,truck
22554,automobile
43259,frog
26028,airplane
2547,bird
17204,airplane
19252,ship
28706,bird
43164,horse
45055,horse
11751,automobile
12141,bird
44535,ship
13114,horse
45625,deer
44432,frog
17028,dog
37328,automobile
5185,bird
33601,cat
45184,truck
30277,truck
37971,frog
3731,frog
18470,cat
43838,frog
21997,dog
10817,horse
35167,dog
44989,dog
25029,cat
47245,deer
11516,automobile
33169,cat
9324,frog
24637,bird
22952,airplane
25917,horse
28636,truck
1842,cat
6683,airplane
4720,bird
14497,bird
41246,truck
17636,deer
29082,horse
8207,frog
38239,airplane
18660,airplane
47411,cat
31638,truck
25263,dog
49481,deer
41391,horse
1323,truck
23541,ship
2922,deer
6463,cat
17397,airplane
18613,bird
19607,dog
20528,frog
43067,horse
6548,bird
28977,dog
41951,ship
17677,frog
33756,horse
29022,cat
46051,frog
43978,frog
47294,deer
42594,horse
27789,truck
26068,horse
46135,frog
15978,bird
2148,dog
1121,cat
27245,horse
36971,cat
12014,cat
13875,ship
45321,bird
22218,automobile
22688,horse
32982,bird
46645,deer
30725,frog
44158,truck
45240,deer
40583,automobile
6202,truck
29598,deer
31224,bird
16743,bird
22613,horse
14909,dog
8356,airplane
28014,deer
15184,automobile
46114,airplane
2985,dog
37994,truck
27488,airplane
43279,ship
8640,deer
46017,bird
40222,bird
25733,dog
24730,horse
34619,automobile
1749,truck
41664,automobile
48635,deer
26431,airplane
17671,dog
6813,cat
17424,ship
21736,horse
43252,automobile
22640,bird
2888,automobile
40035,automobile
27630,deer
15992,frog
43355,truck
17338,cat
48063,cat
25373,dog
49215,frog
11961,cat
26955,dog
17536,truck
13069,airplane
48911,dog
12438,horse
27763,deer
21250,ship
16217,deer
29880,airplane
49924,frog
20543,dog
31770,deer
12442,frog
4778,bird
17519,dog
23136,frog
27145,deer
34339,frog
37241,airplane
40253,ship
1737,automobile
26985,horse
12264,frog
42710,automobile
25892,airplane
3476,cat
3457,dog
5419,truck
13401,airplane
24136,cat
27048,airplane
5316,truck
26116,automobile
45856,bird
31828,truck
17768,bird
15344,frog
13047,frog
28001,airplane
19367,frog
372,airplane
37496,airplane
46317,dog
41013,cat
49371,truck
26087,horse
3338,airplane
44195,frog
48259,horse
41846,cat
7331,bird
38196,horse
36314,frog
20434,horse
41572,truck
33698,deer
6428,bird
33095,deer
26557,cat
33517,airplane
23751,horse
31052,ship
2941,dog
42567,airplane
47957,bird
10437,bird
28133,horse
12983,automobile
11132,cat
36441,cat
22786,frog
40199,horse
8951,frog
14836,bird
16207,ship
47051,airplane
35030,dog
27149,truck
40216,truck
4590,horse
33324,bird
7686,dog
48647,truck
13482,ship
17730,ship
45274,dog
25236,cat
40679,automobile
48153,truck
18974,horse
37932,airplane
21711,ship
19090,horse
37247,airplane
46777,deer
30920,horse
21515,frog
44445,ship
25929,bird
23314,automobile
16862,ship
19193,horse
21896,truck
39683,dog
22527,horse
48348,airplane
2612,horse
15077,frog
36846,bird
32070,deer
35087,automobile
42111,airplane
30910,airplane
15427,deer
3747,dog
24388,airplane
6536,deer
955,horse
17816,automobile
17352,frog
41314,truck
36432,cat
47867,cat
1196,airplane
44639,truck
12328,horse
33842,cat
27131,automobile
18074,airplane
28642,bird
44263,horse
37628,deer
38312,bird
14483,airplane
26016,ship
29382,frog
20048,automobile
20633,cat
34195,automobile
4902,horse
13236,cat
19225,bird
20859,automobile
2306,dog
48906,ship
41541,cat
4432,bird
9886,deer
18497,bird
13121,frog
39960,airplane
17359,dog
30088,ship
40374,dog
27883,deer
14206,truck
41274,bird
8431,horse
19883,deer
37343,deer
49972,truck
5277,horse
27464,dog
22759,ship
14474,bird
48467,horse
36844,deer
17610,automobile
29231,automobile
1107,ship
46506,ship
5952,automobile
28498,bird
44003,deer
37002,horse
34761,deer
2007,airplane
13529,dog
30151,horse
5665,cat
17613,dog
6144,ship
41337,automobile
41057,deer
44585,bird
37445,truck
37299,bird
16673,deer
23996,cat
8827,truck
1450,cat
639,cat
41490,automobile
7706,frog
10485,dog
127,automobile
2304,truck
32720,dog
48408,deer
35292,automobile
42519,dog
11238,airplane
18854,ship
7873,cat
25716,deer
11241,airplane
17345,bird
27335,deer
3139,horse
45093,deer
5343,deer
39013,airplane
16725,ship
24747,automobile
7467,bird
13419,bird
29310,automobile
42356,horse
5317,truck
44177,airplane
24431,deer
42495,dog
8351,automobile
23625,truck
19825,truck
2251,automobile
23112,truck
36927,cat
24316,ship
20736,truck
25673,deer
40056,horse
45719,ship
9344,cat
34151,airplane
41973,bird
44351,airplane
26392,airplane
29934,ship
37495,automobile
40688,bird
41642,frog
49289,dog
7829,deer
35980,automobile
62,automobile
4436,cat
16588,deer
14221,truck
10449,truck
19619,ship
27385,deer
13033,automobile
33513,deer
30991,ship
26690,cat
30655,bird
39713,dog
49040,frog
36211,truck
49254,ship
5498,frog
46420,airplane
9227,ship
9492,dog
23232,deer
40111,ship
14528,cat
12411,horse
48597,horse
9664,ship
38930,automobile
18472,automobile
25415,deer
32096,deer
26625,cat
22409,airplane
26508,airplane
5044,dog
36031,dog
41424,bird
20114,frog
22506,cat
38982,bird
5049,ship
15411,frog
34566,dog
6993,horse
28153,horse
44999,dog
34286,truck
15198,truck
39574,deer
902,ship
19991,deer
28173,dog
36734,ship
46947,horse
18390,cat
15495,airplane
9393,automobile
20521,cat
24927,bird
48988,truck
7378,airplane
35050,dog
22090,automobile
47133,cat
4368,bird
48561,airplane
35979,deer
26482,ship
46885,deer
3485,bird
33907,deer
41721,dog
43892,automobile
41149,deer
3948,frog
14165,deer
10929,ship
4195,frog
11895,cat
44525,automobile
7389,frog
42646,dog
44338,dog
41566,dog
43634,cat
13164,bird
34500,bird
37981,horse
28516,airplane
11799,ship
40365,frog
12749,bird
19955,ship
3973,ship
31734,deer
49714,cat
8366,airplane
34597,automobile
31838,airplane
38448,dog
41519,deer
12047,bird
27687,airplane
46713,cat
21988,bird
22740,horse
30509,ship
15814,bird
14036,automobile
14401,horse
45598,frog
15423,ship
43745,cat
13919,cat
32801,ship
33160,cat
30529,deer
11767,bird
22531,frog
24803,airplane
49950,frog
15856,automobile
11758,deer
19553,frog
3555,frog
27443,automobile
1368,frog
8682,horse
16441,frog
48427,cat
48836,bird
8304,truck
27567,truck
23770,dog
27742,frog
9218,bird
29050,automobile
3896,truck
38386,dog
3243,cat
21406,deer
18238,dog
34498,bird
15015,automobile
49821,automobile
13809,ship
25637,deer
1412,dog
30866,automobile
1815,deer
48545,truck
45990,dog
8285,ship
5071,automobile
13573,ship
17096,horse
38132,horse
42979,automobile
31290,bird
43776,airplane
5271,dog
25881,airplane
49346,automobile
29480,ship
41883,airplane
16145,horse
47109,automobile
5923,bird
12354,ship
10310,truck
48879,deer
32937,cat
12331,dog
22660,automobile
45107,airplane
49360,airplane
24609,ship
23851,automobile
3305,airplane
11477,cat
40046,horse
34916,horse
25795,ship
21883,cat
23729,ship
4064,deer
37653,automobile
28918,airplane
47316,truck
34391,truck
20917,airplane
22582,ship
2763,automobile
23681,frog
26461,deer
132,horse
49347,airplane
14937,cat
23408,automobile
32885,airplane
17140,truck
27330,frog
30879,bird
43787,automobile
47118,horse
7878,bird
40696,ship
49807,deer
46875,bird
3083,dog
35912,ship
45837,frog
13670,truck
36929,truck
24654,deer
41907,truck
790,horse
17214,truck
8218,airplane
15865,deer
20077,dog
11638,dog
6044,truck
20682,horse
38294,deer
39372,truck
15888,airplane
24931,horse
22637,automobile
43455,airplane
28486,deer
35006,horse
11773,airplane
22838,deer
21951,deer
14754,ship
29351,horse
2213,ship
37229,horse
10061,dog
5833,dog
16623,bird
23581,truck
6893,horse
12816,cat
28568,truck
45043,bird
29942,airplane
7741,automobile
45848,bird
18577,dog
34090,ship
28296,ship
19078,frog
3425,truck
7463,airplane
2282,truck
26656,truck
6103,dog
39777,ship
33509,bird
11685,bird
45942,dog
39135,frog
36603,frog
34560,horse
4399,bird
4075,dog
801,bird
37350,truck
30244,deer
10530,horse
26846,dog
1973,truck
11081,airplane
2522,cat
44366,frog
4175,cat
2154,automobile
31208,airplane
40138,ship
9398,dog
13561,cat
43445,ship
18727,ship
37745,horse
6911,cat
48598,ship
18895,dog
17408,bird
48353,frog
7723,automobile
44993,automobile
38129,horse
11797,horse
18057,deer
1189,airplane
46248,dog
9129,cat
49100,bird
41050,frog
40510,automobile
32518,cat
39238,bird
24222,deer
42628,truck
39185,ship
2179,deer
47717,deer
30682,deer
46850,horse
20976,frog
25269,bird
6958,dog
46048,deer
25772,cat
48590,bird
10439,bird
22059,frog
48493,airplane
31611,cat
29177,automobile
6804,ship
15866,ship
33803,ship
24107,cat
49795,horse
27420,automobile
20851,bird
39310,bird
15203,cat
48244,cat
33377,truck
38335,airplane
24934,deer
768,dog
28711,horse
8536,airplane
14276,airplane
18966,frog
15557,dog
48306,deer
16918,truck
45322,dog
33522,ship
34844,truck
38133,truck
46350,cat
11690,airplane
14624,cat
33605,frog
27680,dog
5335,automobile
26652,bird
6162,automobile
44767,bird
45931,deer
38911,deer
10397,bird
9083,horse
23251,cat
39936,bird
46580,truck
1367,deer
27866,bird
49922,airplane
8188,horse
44660,ship
29495,automobile
11166,dog
13954,cat
11108,airplane
7194,horse
8087,airplane
49366,deer
7324,horse
16103,bird
29225,truck
5861,automobile
15381,bird
29366,horse
17841,horse
25085,cat
42743,frog
33244,airplane
40454,automobile
30150,frog
27242,ship
42293,automobile
41691,automobile
35289,truck
11190,dog
23861,horse
2362,dog
15364,automobile
26260,horse
30778,cat
8262,dog
2532,truck
3548,dog
31756,deer
49312,frog
25978,deer
9836,dog
48258,airplane
42719,deer
45686,automobile
49152,automobile
40801,dog
42983,deer
46040,truck
2056,truck
20835,airplane
8654,horse
31230,bird
13517,horse
7180,airplane
4448,deer
41893,cat
27865,ship
23940,frog
31444,ship
41503,automobile
49465,frog
11181,ship
37695,frog
34288,automobile
7701,airplane
46059,cat
10904,ship
36672,deer
15658,frog
16783,frog
21648,airplane
29093,airplane
27376,airplane
33039,deer
48832,bird
45740,frog
29426,dog
24408,truck
21178,frog
4764,deer
41733,ship
45636,ship
47780,automobile
1565,ship
42791,frog
16517,horse
34330,horse
27939,cat
4240,airplane
32057,airplane
19563,frog
35275,ship
21039,frog
35362,ship
36847,truck
9421,bird
32296,automobile
9296,dog
5315,airplane
24912,bird
43877,horse
48787,dog
26908,cat
29226,airplane
5548,dog
45501,automobile
18122,dog
35678,bird
40543,airplane
42039,dog
2379,bird
29520,truck
3326,bird
4896,bird
588,frog
28278,frog
24680,airplane
25658,frog
10098,frog
43660,airplane
39892,deer
47149,truck
32207,airplane
8822,truck
23957,frog
30407,ship
45030,horse
34482,truck
39048,deer
41030,frog
4007,automobile
45195,automobile
28242,dog
2472,ship
29640,automobile
38626,ship
12947,automobile
2361,horse
4392,frog
44020,automobile
35756,cat
43667,frog
34945,airplane
26827,horse
31917,deer
46798,horse
28051,cat
34030,cat
31947,ship
46194,frog
22962,dog
15190,bird
16128,ship
15240,ship
37772,ship
32750,automobile
1460,horse
9252,automobile
23013,automobile
20301,ship
41079,ship
3709,bird
7240,frog
41003,ship
37408,truck
13982,ship
48116,automobile
4380,automobile
8541,automobile
34050,truck
35016,dog
19741,airplane
14032,cat
42406,dog
45163,ship
36993,deer
46426,cat
49845,truck
16968,deer
32539,airplane
38873,automobile
31319,bird
24226,frog
44664,cat
15168,horse
2886,airplane
737,ship
8104,truck
7103,automobile
27628,automobile
1994,dog
98,automobile
8593,cat
20722,cat
30360,dog
19427,deer
18,cat
22389,automobile
43273,horse
48254,ship
25769,deer
1017,frog
12420,airplane
22432,deer
33529,frog
30985,horse
10800,truck
27367,deer
10213,airplane
33250,airplane
26088,cat
3257,truck
25845,frog
37349,ship
7073,dog
7843,airplane
47974,cat
3577,dog
43898,deer
13436,bird
17858,frog
5988,ship
46390,bird
22494,dog
36627,bird
23907,dog
3521,bird
24224,bird
19062,cat
15633,automobile
17124,deer
23452,frog
37778,deer
24105,airplane
43537,horse
45611,horse
35224,cat
3013,bird
15769,ship
19420,frog
9679,bird
5120,deer
26916,automobile
21427,bird
5200,truck
23400,ship
5432,dog
32268,airplane
19031,airplane
13178,bird
42067,ship
1376,ship
39530,horse
5369,horse
19334,truck
4101,automobile
16185,horse
24456,ship
38762,cat
45467,automobile
33464,cat
9963,deer
3587,bird
22437,dog
17804,cat
40451,truck
22454,cat
34173,cat
22087,dog
38983,cat
20485,dog
33022,bird
11072,dog
45401,deer
24253,airplane
41997,truck
1475,dog
43050,deer
38658,dog
27167,deer
49881,truck
22399,horse
40707,bird
36438,deer
22644,truck
18983,truck
15042,frog
49673,airplane
7342,frog
24220,automobile
23295,ship
6119,frog
38281,truck
11259,truck
5987,ship
36876,truck
32676,frog
33863,deer
20106,airplane
21940,truck
45701,cat
41966,frog
10311,cat
44674,cat
31884,dog
35973,horse
15408,ship
49330,bird
31748,automobile
10738,dog
42309,frog
39580,ship
1148,airplane
45267,frog
46633,airplane
33147,airplane
8315,bird
46010,frog
30325,airplane
41352,cat
47222,dog
44418,frog
29795,automobile
16709,truck
45559,bird
47761,frog
6319,automobile
38763,deer
32522,frog
13842,airplane
17797,frog
6669,automobile
3953,deer
7163,dog
1572,automobile
37196,truck
1697,cat
24442,automobile
32454,automobile
28120,truck
33909,horse
13019,frog
43626,horse
14883,deer
34264,automobile
18719,ship
43084,horse
32028,frog
43555,cat
12011,airplane
39799,horse
49753,ship
5545,dog
25366,horse
4332,horse
6122,automobile
40175,truck
8937,bird
27174,deer
48629,bird
46648,truck
15558,automobile
16995,deer
26917,horse
9334,bird
13216,deer
6878,deer
35234,truck
44470,truck
29496,truck
8834,airplane
39097,bird
21873,frog
42416,frog
36429,deer
29077,bird
11438,dog
16753,airplane
5565,horse
15214,dog
23145,frog
128,truck
12216,cat
17036,frog
31309,bird
24219,bird
5072,truck
43238,cat
41268,truck
37908,frog
3937,deer
16620,cat
28155,ship
2111,ship
21259,dog
10206,airplane
42900,automobile
40680,airplane
45057,truck
45123,deer
12940,frog
28544,truck
32611,horse
28994,frog
45344,horse
14940,horse
47709,ship
42257,dog
3335,airplane
2976,bird
33148,truck
49185,ship
15340,deer
29948,deer
11298,airplane
47524,cat
12450,cat
29419,truck
1201,horse
6688,airplane
26867,horse
9692,deer
5062,horse
1899,horse
16729,truck
45940,horse
11851,automobile
2167,ship
39363,ship
37090,deer
46463,ship
25214,horse
12937,airplane
35717,frog
5046,truck
31428,frog
827,ship
47961,ship
43305,deer
6754,cat
28705,cat
18763,dog
42265,truck
9094,bird
16845,frog
13878,automobile
4993,truck
38965,deer
27418,deer
9217,automobile
14990,horse
13997,automobile
21000,ship
2675,frog
49961,ship
34997,bird
39467,bird
14565,truck
1183,deer
41061,cat
32358,ship
8883,airplane
12212,cat
1584,horse
45710,bird
13643,truck
27272,ship
24489,airplane
25332,automobile
28501,deer
28631,frog
308,truck
46327,bird
42526,frog
8306,automobile
12582,dog
11930,cat
36750,frog
49210,frog
34603,frog
10002,frog
9326,airplane
36806,horse
25121,truck
3084,horse
5204,truck
9172,airplane
47303,frog
39723,dog
1559,ship
15808,cat
24852,airplane
37753,cat
18417,dog
8792,automobile
20066,bird
3715,dog
31730,dog
22969,frog
17834,dog
36458,deer
36743,ship
43614,dog
36582,bird
44301,dog
49758,ship
19190,frog
7259,bird
19668,automobile
24880,frog
35824,bird
44886,bird
40217,cat
47423,horse
18814,deer
40027,horse
47872,ship
48520,frog
17322,cat
5981,cat
4583,horse
39190,frog
45690,deer
45470,dog
39921,dog
20355,truck
988,ship
15351,truck
32512,dog
25926,dog
24287,ship
14840,bird
20658,truck
16212,automobile
22793,horse
26494,airplane
23216,ship
44372,dog
24884,deer
29857,airplane
6933,frog
9249,cat
7350,automobile
32925,dog
30175,horse
19636,dog
11116,bird
24859,horse
7031,horse
42386,truck
14809,horse
8346,horse
34565,frog
37380,horse
35828,automobile
9061,cat
45614,automobile
35667,automobile
42680,frog
31345,cat
41272,cat
9668,cat
14199,truck
4051,automobile
33443,bird
44844,horse
7415,truck
48680,horse
30743,dog
17040,deer
36234,dog
28320,deer
11619,airplane
34570,horse
29172,automobile
31017,cat
28473,cat
2604,ship
10536,automobile
30319,cat
42976,frog
8844,bird
41049,ship
20872,deer
38920,automobile
24596,automobile
6262,horse
6574,horse
18557,horse
27627,frog
46879,truck
47434,airplane
39084,airplane
1022,automobile
17558,cat
42325,ship
8473,deer
48931,airplane
19305,horse
35356,automobile
17692,frog
24632,ship
12770,dog
38747,bird
13119,automobile
48140,dog
46228,truck
34681,deer
34459,dog
17495,horse
13278,automobile
22016,horse
46533,dog
22978,bird
40289,bird
6134,bird
7786,dog
30041,bird
32662,airplane
29103,deer
8367,bird
43535,ship
33073,ship
34254,horse
16567,dog
47478,dog
21012,dog
1987,dog
1927,airplane
38006,truck
36650,truck
4534,automobile
26449,frog
18826,automobile
33275,frog
34611,ship
30584,frog
46457,horse
42409,cat
37883,horse
39956,truck
33824,deer
23487,horse
36080,frog
38895,cat
22936,truck
49320,cat
21670,dog
43856,ship
35467,bird
47283,bird
40284,automobile
26722,cat
21732,cat
41812,truck
14825,frog
7789,airplane
348,frog
47994,ship
33727,frog
30411,horse
48309,truck
37699,automobile
13214,frog
42543,bird
10623,truck
1500,cat
31666,automobile
21843,ship
3280,horse
28757,dog
15343,deer
46202,dog
8585,dog
21592,bird
32065,truck
49464,cat
12001,frog
18498,cat
35483,bird
15804,ship
39903,automobile
21289,airplane
11595,truck
43325,airplane
15835,cat
39681,frog
47570,truck
28042,automobile
21252,deer
38583,dog
25628,cat
42629,airplane
193,ship
46448,frog
10900,truck
9139,automobile
11030,airplane
10208,deer
32659,dog
16572,bird
29256,cat
21270,horse
16484,ship
23659,cat
30636,airplane
7916,automobile
16198,automobile
42094,frog
17355,dog
27209,cat
45271,airplane
10951,deer
20949,deer
15301,cat
32708,frog
2561,horse
40974,cat
3821,truck
20262,cat
11104,cat
3568,frog
13748,airplane
37824,ship
45373,ship
20592,cat
28829,airplane
37126,dog
31457,ship
28468,airplane
16395,truck
49923,cat
47900,dog
26056,ship
40210,bird
46522,deer
46429,dog
37601,truck
45622,airplane
15315,bird
22205,horse
18860,automobile
39283,dog
17793,airplane
44089,truck
35624,horse
48569,truck
4634,bird
4845,dog
34009,dog
13244,bird
10697,dog
26049,deer
20988,deer
30015,automobile
38493,deer
2995,automobile
41497,horse
30646,airplane
13813,bird
22797,airplane
10178,cat
2223,frog
9104,frog
44854,dog
2741,ship
23927,truck
30977,frog
16869,horse
13113,dog
28926,frog
5774,bird
31210,automobile
48006,cat
33428,cat
23058,deer
5630,automobile
42650,airplane
13356,ship
1532,frog
34585,horse
8907,ship
17918,airplane
27230,frog
4649,automobile
20487,automobile
25389,automobile
30416,airplane
31416,cat
3932,ship
16842,frog
24513,automobile
49025,deer
29140,cat
40429,bird
48554,bird
28142,truck
49617,automobile
39660,cat
33401,frog
12166,airplane
17733,automobile
10373,deer
5101,dog
10656,automobile
21069,deer
15960,airplane
2966,frog
19608,cat
28837,horse
24736,airplane
16699,dog
42679,airplane
47960,truck
19044,deer
26335,ship
2247,dog
47323,cat
45483,dog
27466,automobile
28314,deer
28575,cat
2374,dog
9933,automobile
18651,bird
21324,deer
41477,frog
5385,bird
16239,airplane
40535,bird
636,truck
38447,automobile
23758,ship
12683,dog
20417,dog
30936,horse
47817,bird
1074,truck
3192,horse
840,dog
22285,deer
8602,dog
49298,bird
17589,ship
2746,dog
8986,dog
48189,frog
33350,horse
41495,truck
6422,deer
46502,bird
14436,bird
35219,truck
22654,horse
2718,dog
39896,ship
30204,horse
18476,dog
39866,cat
14254,cat
2445,deer
10631,automobile
43302,airplane
40072,deer
2215,truck
2293,dog
11489,ship
39449,ship
25649,truck
20986,airplane
24362,airplane
38789,dog
42085,cat
20124,deer
42466,airplane
654,dog
11228,truck
1264,truck
28298,automobile
29576,dog
15800,cat
23063,bird
24968,deer
17944,horse
48574,dog
48217,deer
39493,bird
28583,cat
39524,frog
10609,bird
12689,ship
3842,frog
6370,bird
11412,horse
15959,deer
16541,dog
31041,bird
38619,airplane
49348,ship
5051,airplane
1512,cat
15805,frog
18987,dog
20980,horse
16421,airplane
1268,bird
15885,airplane
8730,automobile
33672,truck
6001,frog
25717,cat
5972,automobile
35419,airplane
14390,ship
10080,automobile
10735,horse
34081,automobile
28814,cat
14480,airplane
38876,horse
11124,bird
39289,airplane
35175,automobile
33520,bird
19680,truck
4969,dog
33191,ship
18293,horse
46566,dog
25744,bird
46914,frog
14979,automobile
41702,automobile
353,airplane
1003,cat
7327,automobile
45790,cat
8700,frog
29717,automobile
41643,deer
29809,automobile
19541,dog
41184,truck
7833,automobile
7835,ship
5410,frog
38544,deer
9925,frog
21278,cat
42816,bird
18696,horse
33986,automobile
14091,deer
35918,ship
10891,deer
40004,automobile
38987,truck
18490,bird
23464,automobile
46081,cat
38561,bird
27187,bird
5932,deer
40903,truck
10983,deer
28732,cat
4535,dog
46205,cat
27219,frog
2099,bird
25939,ship
31803,bird
26345,automobile
8731,dog
40625,cat
10350,frog
2898,horse
8077,horse
33302,cat
48920,truck
38284,deer
14997,deer
7861,frog
29677,ship
47713,frog
18416,automobile
11444,bird
27063,deer
37529,deer
44815,frog
7025,deer
102,cat
25205,dog
10863,dog
2130,truck
14932,dog
1859,horse
1081,ship
6777,horse
25977,airplane
27316,airplane
41948,bird
28695,automobile
18014,airplane
19958,deer
45784,cat
40033,bird
15521,ship
5523,frog
30085,airplane
18463,cat
20862,dog
43049,ship
49936,horse
3873,deer
25486,horse
24417,horse
39757,frog
43122,truck
48147,bird
49144,cat
17101,airplane
23521,frog
31684,deer
46774,deer
43895,horse
41464,automobile
22366,automobile
26114,truck
31271,frog
15169,deer
39873,truck
12131,airplane
5555,bird
8259,airplane
46360,automobile
29599,ship
25056,cat
3486,automobile
42486,horse
24936,bird
19974,horse
45273,bird
10116,airplane
22128,truck
15606,ship
4292,truck
13252,dog
15797,horse
13922,frog
16607,frog
26453,automobile
4591,frog
16746,automobile
7597,bird
23741,ship
27572,airplane
35380,truck
13293,deer
39365,ship
16037,automobile
27967,bird
37584,ship
33865,airplane
32013,dog
43148,deer
20983,dog
12201,bird
22745,deer
48328,airplane
10956,airplane
39225,frog
6487,frog
43191,bird
16154,frog
45025,ship
10671,dog
20421,truck
4982,horse
27512,horse
41124,horse
37927,frog
23371,frog
49470,automobile
45498,truck
40366,cat
22328,horse
13220,horse
29521,cat
5255,horse
18200,dog
17802,deer
10365,frog
15902,truck
44662,horse
43458,automobile
43937,horse
21616,automobile
25442,deer
32215,deer
37266,airplane
32639,horse
44583,airplane
11661,truck
7957,deer
6419,ship
35458,deer
6366,truck
3752,dog
29165,frog
43152,deer
4107,deer
31627,cat
35628,dog
34226,cat
47168,dog
8984,frog
39243,bird
44703,horse
31802,dog
39582,truck
21877,horse
33914,truck
17561,ship
33415,airplane
46821,dog
6332,deer
28240,ship
12981,horse
22769,cat
32305,cat
314,frog
12728,deer
12565,dog
23874,horse
24713,truck
35960,bird
8690,ship
33843,bird
36845,automobile
49266,frog
219,bird
17398,automobile
16907,bird
29154,airplane
37202,truck
11682,truck
10215,horse
7401,horse
1464,airplane
30409,airplane
4596,ship
37263,horse
17634,airplane
5900,dog
33330,cat
17330,bird
19635,airplane
12008,cat
3774,automobile
22541,airplane
41042,ship
37471,dog
19011,horse
17270,automobile
5483,ship
6691,cat
7575,deer
33609,frog
44682,ship
17598,frog
43447,dog
21489,airplane
12929,frog
36180,truck
41072,bird
39058,frog
48231,frog
15817,frog
41930,airplane
2015,airplane
33805,horse
42881,cat
21565,airplane
23468,truck
43760,dog
39542,deer
32098,horse
31516,deer
9626,frog
49857,airplane
16612,frog
34342,airplane
35806,automobile
1793,bird
42170,frog
24172,deer
7334,horse
1769,bird
26074,dog
19388,cat
23866,ship
1570,deer
42586,cat
38474,truck
28182,frog
6464,frog
10760,dog
45212,cat
22894,dog
17259,truck
23526,deer
18281,dog
31837,dog
40871,cat
27945,airplane
6725,cat
28307,dog
21389,horse
45211,automobile
23208,dog
20944,truck
4839,dog
40608,airplane
43871,deer
24184,ship
49813,deer
22323,bird
7784,bird
10602,airplane
28852,dog
42550,dog
1289,bird
30398,horse
23938,deer
7811,airplane
22609,airplane
40349,bird
35136,deer
10608,airplane
24970,dog
45592,deer
26559,cat
4910,automobile
44232,automobile
17702,automobile
19092,bird
167,truck
19672,truck
25698,automobile
27823,horse
37083,horse
25918,horse
6084,truck
43352,deer
15346,cat
9707,frog
22814,ship
7457,truck
26221,ship
17859,frog
49261,truck
10114,frog
40552,frog
30440,automobile
35565,deer
31465,deer
37696,horse
35400,automobile
22421,cat
926,deer
11447,horse
615,airplane
41764,bird
20605,ship
42910,horse
9957,horse
42477,airplane
11801,frog
28380,truck
44332,ship
8566,truck
47178,truck
47189,deer
49129,airplane
7637,deer
46190,truck
45394,airplane
2638,truck
47999,cat
518,cat
369,frog
39817,truck
24340,dog
48982,frog
45323,automobile
42497,cat
8384,airplane
27483,bird
7763,frog
6770,automobile
37757,cat
30566,truck
27525,truck
47083,horse
30364,truck
48828,truck
43358,ship
28729,ship
395,horse
47476,cat
46917,dog
7135,truck
32415,horse
33052,bird
20542,frog
31398,airplane
49332,bird
19836,dog
20165,dog
21785,horse
26367,frog
43605,truck
16998,automobile
15678,airplane
43506,ship
7986,airplane
15931,truck
25301,automobile
40271,ship
48633,dog
3607,horse
28510,deer
37539,truck
35981,horse
2094,bird
4921,dog
5851,dog
34618,deer
15655,bird
36801,cat
49044,ship
46682,bird
32404,airplane
18769,airplane
24472,ship
26085,frog
2315,dog
22303,cat
34807,cat
37970,bird
25802,bird
46791,deer
29117,truck
38485,automobile
18128,cat
46296,cat
9166,horse
19072,dog
7042,frog
35663,airplane
32381,truck
15531,deer
14170,airplane
47963,frog
15812,ship
7988,cat
31056,dog
16806,cat
17117,ship
4360,deer
47431,ship
3746,ship
38660,frog
33696,ship
26554,horse
24169,bird
14492,cat
49829,ship
24758,cat
47840,automobile
28552,bird
15057,truck
34925,dog
10727,dog
48446,ship
7630,truck
23189,bird
16583,horse
14462,automobile
9700,ship
22515,ship
19335,dog
29951,cat
46472,dog
19400,automobile
44333,truck
15304,bird
800,airplane
36606,cat
29120,frog
32390,cat
9315,airplane
38469,horse
46239,automobile
29266,deer
23692,frog
37673,airplane
24668,cat
43134,dog
48671,ship
43926,deer
1909,horse
31387,ship
13969,automobile
29175,airplane
2983,cat
9029,truck
20609,deer
635,truck
5674,airplane
41248,ship
39242,airplane
19690,deer
4266,automobile
17867,airplane
21582,frog
37107,frog
19566,automobile
49148,truck
7821,frog
4413,ship
3931,truck
12722,bird
1147,bird
23078,airplane
1942,deer
2802,horse
4723,airplane
30876,deer
17578,frog
39513,frog
22460,bird
37654,ship
30486,frog
23767,ship
39592,dog
20884,horse
44343,frog
47065,deer
25533,airplane
17875,ship
31542,ship
27440,truck
43116,dog
39725,automobile
14928,automobile
48292,airplane
3545,horse
3283,dog
29435,frog
2488,ship
33925,frog
23711,horse
19922,ship
1736,cat
37413,automobile
32003,airplane
31667,deer
12995,horse
24233,frog
49830,frog
43416,frog
17590,horse
12835,ship
8329,dog
26781,truck
29673,truck
9181,frog
34106,dog
38423,horse
17234,airplane
36057,dog
23479,airplane
42419,deer
15018,dog
17995,airplane
6462,bird
30892,automobile
25023,bird
44581,airplane
35892,frog
45278,bird
10938,cat
2436,airplane
2393,horse
17497,cat
37732,deer
27887,ship
30930,airplane
28279,deer
49218,truck
48795,ship
45699,dog
45799,truck
40981,bird
34955,dog
16338,frog
43656,automobile
42211,automobile
24694,truck
22210,cat
27988,horse
30314,automobile
18356,truck
2721,airplane
45249,frog
31046,bird
48433,ship
31931,ship
49036,truck
37915,dog
10372,horse
41004,deer
49537,bird
22444,deer
28093,airplane
33201,truck
14399,horse
28828,bird
46126,bird
9547,deer
1344,truck
4733,bird
18550,horse
39611,bird
26957,bird
1904,deer
11170,airplane
18230,dog
13045,automobile
35144,deer
20140,cat
17714,deer
11212,cat
36352,cat
22767,dog
33993,ship
18924,horse
38584,frog
36199,truck
2320,horse
24656,bird
20348,horse
15189,truck
32776,airplane
30545,ship
14664,dog
3164,dog
29556,automobile
47568,frog
24403,cat
4378,frog
20044,dog
43711,automobile
11943,ship
21299,ship
21372,horse
16370,truck
3480,truck
38897,dog
34396,truck
17155,airplane
49253,deer
41685,frog
3477,bird
44227,cat
44021,cat
49622,frog
10227,horse
18219,airplane
2112,frog
17331,ship
32047,cat
49577,cat
4463,cat
40767,truck
12878,bird
3756,truck
2765,bird
17806,horse
18558,truck
24438,bird
46614,airplane
19478,frog
17215,cat
41899,horse
22222,automobile
14778,deer
26203,cat
21619,truck
7052,ship
14598,airplane
39413,bird
33892,dog
48837,ship
7449,automobile
25204,bird
5007,cat
23335,deer
32374,deer
42428,bird
40053,truck
34091,automobile
44745,truck
19616,bird
33659,automobile
37242,deer
22997,deer
367,horse
34071,airplane
45933,horse
5791,deer
12879,truck
44917,deer
41551,automobile
16953,airplane
37800,automobile
31131,bird
37470,deer
48855,frog
48133,cat
20912,automobile
39686,truck
48748,frog
47693,truck
38138,frog
31296,cat
17963,ship
36455,dog
36558,truck
27893,dog
45862,horse
27632,deer
22095,ship
6235,deer
25135,frog
38087,automobile
24086,ship
21885,ship
48842,frog
30164,horse
26250,horse
49828,ship
47864,automobile
32120,deer
26563,horse
12339,bird
22065,ship
8946,truck
37641,cat
7077,horse
497,ship
40418,dog
43652,dog
10162,truck
41696,automobile
9345,ship
23532,truck
12125,deer
18783,airplane
25624,truck
26507,truck
18008,automobile
15849,airplane
38950,ship
44641,truck
20939,dog
34253,dog
11785,frog
2173,ship
27368,frog
25549,truck
29551,frog
42100,frog
43033,deer
20827,deer
31393,ship
46741,airplane
26617,truck
13723,automobile
9784,cat
44690,deer
37069,airplane
48469,truck
2312,horse
48877,deer
25562,cat
26164,horse
6078,horse
49920,automobile
24702,frog
26594,bird
8067,deer
6830,frog
26388,frog
30255,bird
28941,ship
37310,automobile
34966,frog
6697,horse
18236,truck
19658,deer
11581,automobile
20128,airplane
938,frog
39160,frog
34302,automobile
35890,cat
4526,bird
40531,deer
45114,airplane
34477,dog
5399,frog
47563,ship
19373,horse
37085,frog
20938,automobile
33700,bird
42086,automobile
47537,frog
1179,airplane
39633,bird
27930,horse
49429,dog
137,automobile
3217,truck
28736,horse
21943,bird
30480,cat
13787,bird
44766,bird
11934,dog
20595,ship
18687,horse
36152,ship
39876,airplane
4594,truck
36706,truck
41628,automobile
34306,bird
49082,cat
8515,frog
2033,truck
3785,deer
4470,ship
20600,truck
24458,bird
37039,cat
22756,bird
5700,airplane
11243,automobile
27861,deer
42659,automobile
29236,cat
6230,cat
24707,bird
21031,frog
43346,dog
10059,frog
39909,ship
11428,automobile
934,bird
27870,dog
22623,airplane
47089,automobile
45459,cat
31593,dog
47385,deer
32516,frog
24420,deer
6909,automobile
17617,horse
32002,dog
46372,cat
15252,cat
25814,deer
38127,cat
35281,truck
2871,bird
37065,ship
8000,cat
43463,cat
48983,truck
13077,frog
41871,frog
8311,truck
14364,horse
11940,airplane
37215,deer
10654,cat
44131,horse
23286,dog
41849,airplane
1876,dog
3491,cat
42847,dog
20107,frog
27263,automobile
13076,bird
42754,automobile
7582,airplane
701,airplane
757,truck
39106,deer
5341,bird
23961,ship
45811,automobile
14861,bird
47044,dog
24641,truck
42619,airplane
36517,bird
23564,frog
30949,ship
26591,ship
5842,automobile
4110,bird
16981,bird
13554,ship
43767,bird
41820,deer
27635,horse
250,frog
26294,automobile
19187,ship
41128,deer
47746,automobile
24510,ship
24399,automobile
39645,cat
19269,frog
38440,bird
28553,automobile
8489,deer
9985,airplane
34772,cat
7048,bird
906,airplane
661,deer
2567,frog
43710,airplane
8670,bird
28939,automobile
48773,cat
34040,frog
27767,cat
25866,horse
29910,truck
41446,automobile
7028,horse
46098,horse
22860,automobile
31597,ship
7192,horse
42033,ship
23523,airplane
5956,airplane
33031,bird
11039,frog
5165,truck
45528,horse
20914,ship
39531,airplane
4598,airplane
47767,airplane
45776,deer
46169,horse
2544,bird
12637,deer
18286,bird
10880,horse
3535,horse
37260,automobile
26061,airplane
41862,automobile
11147,horse
23164,airplane
4689,horse
42776,bird
45957,airplane
39074,cat
14216,horse
18846,dog
36595,automobile
15201,bird
43827,bird
16296,cat
42104,airplane
39197,airplane
24712,dog
3772,bird
15597,deer
20269,frog
47042,horse
17675,deer
23298,airplane
28124,truck
39550,automobile
2853,horse
28367,horse
41567,dog
12476,cat
21001,airplane
22944,automobile
43044,cat
4080,airplane
9781,deer
26060,automobile
24244,dog
39092,frog
27881,cat
23381,cat
35442,ship
27000,bird
39198,frog
28075,deer
49745,ship
39193,automobile
24070,bird
34360,ship
45024,bird
30635,cat
44772,airplane
33236,airplane
22235,ship
20117,deer
6596,cat
32402,airplane
1184,ship
33363,truck
39626,truck
13920,truck
3124,ship
33419,ship
26978,ship
43226,dog
45283,cat
5487,deer
38721,deer
19906,horse
9831,cat
37054,deer
39096,cat
9773,dog
1258,cat
1478,airplane
2207,truck
26800,dog
371,cat
35877,ship
35477,truck
29838,airplane
10083,dog
15255,deer
40533,cat
9185,horse
36675,truck
36119,truck
31030,airplane
41102,deer
5779,horse
29421,deer
15683,cat
44482,cat
37228,frog
48341,truck
34108,horse
13480,frog
3661,dog
10770,truck
37956,airplane
28007,ship
21646,truck
21667,deer
20514,automobile
47393,bird
27444,dog
15819,cat
10045,cat
4218,frog
41639,dog
35765,bird
16934,dog
5473,airplane
35914,cat
31132,ship
359,bird
24058,airplane
25398,frog
10788,airplane
46775,truck
38060,dog
31822,bird
39502,deer
25557,deer
42817,horse
27429,deer
23368,deer
32220,cat
36952,cat
31486,dog
30225,bird
36943,ship
12578,deer
47764,airplane
39288,cat
24020,bird
33314,dog
21214,truck
26773,deer
43808,ship
6087,ship
38903,automobile
43368,bird
1245,dog
43207,automobile
23755,airplane
24272,ship
32129,cat
38977,cat
43478,frog
42859,frog
40971,truck
7978,automobile
39926,bird
10558,cat
19300,truck
29990,bird
15551,horse
37252,cat
4928,automobile
34791,dog
5296,horse
8140,cat
31925,horse
17770,bird
4894,dog
48579,horse
17686,ship
29261,cat
23643,bird
3402,frog
17150,ship
40116,bird
12796,deer
13695,ship
27452,horse
29041,dog
47666,horse
47722,cat
10134,automobile
18406,horse
29303,dog
18362,truck
13772,truck
1967,cat
39324,frog
38146,horse
4357,bird
39893,automobile
27331,automobile
32318,horse
22910,frog
36757,bird
25863,airplane
42515,horse
9557,bird
19637,horse
29059,bird
35631,deer
12827,deer
45774,deer
5826,bird
5032,truck
14439,ship
3339,bird
8287,cat
24122,automobile
3287,cat
43339,dog
34964,ship
22186,deer
14580,dog
23323,cat
49130,frog
10672,bird
14878,airplane
26282,dog
7567,cat
33703,dog
37308,ship
26858,dog
46570,ship
34059,frog
37458,frog
45515,cat
11826,bird
13221,frog
34241,horse
36166,truck
30552,deer
17401,dog
20489,cat
35485,deer
41119,airplane
47919,cat
39654,ship
12776,truck
32795,cat
36661,dog
49986,ship
2256,ship
1920,cat
23092,truck
43161,airplane
42464,horse
37801,horse
6423,cat
23511,dog
41612,truck
26099,ship
34458,bird
6393,bird
10996,dog
13491,airplane
43330,truck
10024,deer
10582,truck
30515,ship
13302,automobile
43301,bird
43774,cat
37203,horse
39976,dog
23114,airplane
31328,ship
19678,airplane
11006,ship
37581,truck
35004,horse
46621,horse
9050,deer
10322,cat
39999,bird
4494,bird
34369,frog
27166,cat
48870,airplane
12921,automobile
2354,cat
39146,bird
9665,ship
1187,truck
39268,ship
40341,horse
9314,bird
19246,cat
30471,bird
18629,deer
5892,ship
30873,ship
10848,airplane
34196,frog
9535,automobile
31010,truck
45754,frog
39883,bird
22035,airplane
30490,automobile
26172,dog
48730,airplane
28079,cat
42461,frog
15137,horse
39656,bird
2460,airplane
25921,airplane
33254,deer
2609,horse
21380,dog
23554,cat
7572,truck
46857,frog
45439,airplane
15899,dog
12907,frog
46141,automobile
4496,dog
49876,automobile
36607,airplane
26790,automobile
32895,frog
20313,automobile
27877,cat
8399,dog
17840,deer
9069,ship
45965,frog
5091,dog
29138,horse
23312,automobile
46322,deer
44049,bird
46451,bird
4657,bird
3830,ship
20540,airplane
15951,automobile
307,truck
34462,cat
22056,automobile
48726,ship
36002,ship
23579,automobile
41441,ship
49189,dog
43629,airplane
39556,frog
41920,deer
36342,ship
13598,horse
5524,ship
20882,frog
13222,cat
26680,dog
492,dog
39187,deer
28055,automobile
10765,airplane
23740,deer
17941,frog
23425,deer
17005,ship
25363,airplane
34899,frog
3844,cat
47936,bird
6469,ship
2218,bird
25659,dog
30176,truck
24197,dog
13972,cat
2659,ship
49781,truck
48766,frog
35323,automobile
1689,ship
34445,dog
221,airplane
21408,automobile
11722,airplane
7606,automobile
10635,cat
21644,bird
16696,bird
29178,cat
3808,cat
105,frog
26363,automobile
35965,dog
5687,bird
42443,deer
11347,frog
37700,frog
47545,dog
21393,bird
45220,dog
5039,deer
29270,bird
2181,automobile
28566,frog
8486,bird
47328,cat
1549,automobile
48649,truck
3962,bird
20382,automobile
4190,bird
40494,ship
5875,airplane
8330,ship
19456,cat
34858,frog
23830,horse
16516,deer
27976,truck
49123,automobile
43944,truck
8130,horse
38846,frog
35511,dog
46064,dog
32392,deer
47348,frog
45767,truck
44858,deer
46610,frog
43826,automobile
12395,horse
12064,truck
12007,deer
16925,deer
10476,ship
5173,truck
2646,truck
47252,ship
4010,dog
16837,airplane
31966,horse
25728,dog
44370,airplane
29992,ship
49848,automobile
4571,frog
33010,horse
22486,horse
38234,airplane
48243,bird
13715,airplane
23871,ship
5775,horse
38145,dog
4119,frog
42984,deer
14325,deer
45885,dog
32864,dog
3892,airplane
45038,ship
39143,ship
2997,airplane
18146,ship
11173,truck
20470,cat
11752,frog
13104,dog
18678,airplane
21793,dog
49038,horse
49462,truck
3606,automobile
1211,frog
29597,airplane
15127,deer
32232,dog
17302,frog
13454,deer
47870,deer
38084,airplane
18058,automobile
29454,horse
29755,airplane
12034,cat
37338,bird
32333,bird
13365,truck
42792,frog
35820,dog
24889,frog
27055,horse
40764,dog
25857,automobile
19936,automobile
17705,truck
33319,cat
29002,cat
34867,bird
4256,dog
14943,cat
19549,deer
42436,airplane
35607,dog
37725,horse
32178,horse
18038,horse
14831,frog
14584,bird
38028,truck
36867,truck
14752,cat
24155,cat
14363,deer
47037,truck
48491,horse
13351,ship
16955,airplane
28849,automobile
24620,truck
32993,horse
25095,truck
7294,dog
10668,airplane
35162,bird
6501,frog
5472,bird
18703,automobile
5154,ship
27244,ship
33733,airplane
12103,automobile
901,truck
40455,horse
39439,cat
32038,ship
35176,deer
40825,frog
23802,dog
7968,frog
31810,bird
14599,automobile
13408,truck
9005,airplane
24069,automobile
8762,cat
20224,horse
41813,dog
15971,horse
12764,horse
19870,automobile
3585,ship
45325,automobile
2271,cat
45927,bird
29544,automobile
29153,deer
16931,ship
36063,frog
6931,cat
5104,airplane
34691,automobile
9961,ship
5054,cat
7880,automobile
10001,automobile
8855,ship
31797,deer
40675,deer
12196,cat
9210,automobile
17720,deer
1504,dog
28273,airplane
23645,airplane
22022,dog
29936,frog
956,cat
35158,bird
13719,horse
31656,automobile
13556,automobile
37538,dog
18975,frog
44938,ship
41343,bird
40614,frog
37977,airplane
37781,truck
40230,truck
35757,automobile
16124,bird
23726,ship
4859,automobile
13512,frog
32033,horse
20747,automobile
7111,deer
12142,bird
5643,airplane
13931,dog
45631,horse
49077,frog
34341,bird
43321,horse
10547,horse
8773,deer
16861,ship
6473,deer
27904,dog
940,deer
34213,ship
2023,horse
31184,ship
29617,automobile
35279,frog
32203,automobile
47034,automobile
6936,frog
30289,cat
29062,dog
9911,airplane
43813,cat
35818,frog
4242,horse
2012,cat
26749,frog
33232,ship
44311,ship
11189,cat
5904,bird
42287,dog
35956,bird
35190,dog
2396,ship
24468,bird
24078,cat
33192,horse
9396,deer
4139,bird
47708,frog
36915,deer
35567,deer
22645,ship
34301,automobile
36385,truck
38184,automobile
17180,deer
43691,cat
18414,automobile
34442,ship
27434,cat
48119,cat
45338,horse
7512,airplane
46042,airplane
26965,cat
23001,horse
3835,cat
19518,truck
45800,frog
35102,cat
22844,bird
9868,dog
14054,truck
14093,automobile
20775,automobile
1720,dog
39539,dog
29461,cat
43432,frog
28846,dog
41203,deer
2842,automobile
30962,ship
47072,frog
18843,ship
34325,frog
1174,horse
32867,frog
43357,automobile
36520,truck
44358,ship
28271,airplane
37934,frog
49386,truck
3538,truck
24781,bird
44932,dog
40828,deer
32554,deer
15619,ship
32562,horse
7121,horse
10123,automobile
28878,dog
34720,horse
16737,automobile
42799,dog
14676,bird
29092,truck
14359,automobile
4465,automobile
30766,bird
4492,bird
40802,truck
31850,deer
21267,dog
40449,airplane
29540,deer
7145,airplane
11741,dog
40095,frog
42003,ship
34380,cat
9724,ship
47186,horse
37113,truck
12342,dog
13636,frog
10887,horse
31664,ship
25405,truck
25985,bird
4412,airplane
39443,ship
15503,airplane
16016,airplane
6518,frog
13533,dog
14575,cat
15441,frog
38940,bird
6767,truck
26950,dog
20863,airplane
448,deer
47656,ship
48663,truck
4283,airplane
5652,dog
18243,bird
7825,frog
40324,frog
41019,bird
40132,airplane
44212,dog
22764,automobile
6481,truck
11587,deer
46557,horse
2991,deer
20505,frog
47997,horse
34162,horse
41108,deer
40002,ship
32649,frog
15026,ship
27437,ship
15415,airplane
550,deer
32061,frog
27612,frog
25803,cat
30600,horse
43624,ship
35314,cat
21905,horse
21813,ship
30598,airplane
7112,truck
10233,horse
25771,horse
40647,horse
12119,cat
41144,bird
39321,truck
42513,deer
35919,dog
12551,frog
12265,automobile
25094,ship
27702,dog
49006,dog
30496,automobile
3881,airplane
40171,frog
47822,frog
28766,airplane
10281,bird
19848,cat
11916,bird
26311,automobile
1470,horse
22885,automobile
29015,ship
44675,automobile
34076,frog
21698,cat
35865,ship
11050,ship
29995,frog
1668,deer
42438,automobile
5346,deer
19587,frog
40563,deer
34419,deer
46156,cat
36713,frog
32019,deer
47751,bird
22546,automobile
7489,horse
11286,dog
15753,truck
49999,automobile
42015,bird
44006,bird
32112,ship
22791,automobile
19490,frog
37061,ship
29524,cat
2217,deer
46639,dog
13572,automobile
47675,bird
7275,deer
3066,ship
43430,ship
33921,deer
17602,ship
5157,dog
15342,cat
16656,truck
45083,cat
49406,truck
40403,ship
23867,airplane
33431,dog
524,horse
39963,horse
41587,automobile
5752,dog
2027,dog
38383,ship
6425,dog
16459,truck
35120,frog
13549,dog
17746,bird
25547,airplane
15563,cat
7222,automobile
38718,dog
18370,truck
38779,truck
35047,horse
39005,dog
10870,cat
1492,deer
41561,truck
40584,bird
16046,bird
38993,cat
42076,horse
11798,truck
3760,deer
12308,deer
19917,bird
12593,automobile
49127,horse
7555,truck
40238,truck
30739,automobile
14998,deer
21102,horse
36393,dog
39838,truck
19345,cat
32713,truck
9234,frog
11154,dog
27304,deer
41777,truck
18351,horse
44335,bird
11106,cat
43251,frog
21529,automobile
18677,frog
5491,deer
42307,truck
28928,bird
45381,cat
29187,truck
46932,bird
40362,truck
40351,truck
1435,airplane
42078,frog
34327,frog
22545,deer
2200,truck
11624,cat
18108,ship
38201,cat
18771,dog
16976,truck
49469,cat
23910,horse
42624,dog
48707,automobile
45034,truck
16951,cat
13382,truck
45425,bird
36651,ship
31275,automobile
46416,deer
35044,truck
38776,dog
36157,deer
2284,automobile
13016,ship
43448,automobile
46912,dog
18901,airplane
20861,dog
28748,truck
39314,cat
2851,dog
5465,truck
5947,deer
16001,horse
33599,automobile
48436,truck
43433,ship
1557,cat
4060,horse
17369,dog
30994,horse
49686,deer
33957,cat
24383,frog
7524,ship
4686,frog
31039,dog
38077,deer
7046,ship
8863,bird
33512,cat
38250,horse
16638,airplane
16719,truck
30173,airplane
17174,frog
39266,deer
33753,ship
12752,horse
43099,automobile
